"type","chainId","nonce","maxPriorityFeePerGas","maxFeePerGas","gasPrice","gasLimit","to","value","data","accessList","hash","v","r","s","from","confirmations","wait"
2,80001,263,"{""type"":""BigNumber"",""hex"":""0x59682f00""}","{""type"":""BigNumber"",""hex"":""0x59682f10""}",,"{""type"":""BigNumber"",""hex"":""0x011b46""}","0x4C360007D21129389EF449F6d728cBF66380EBA4","{""type"":""BigNumber"",""hex"":""0x00""}","0xbb70623b00000000000000000000000049c90f5722c68afdd1c5b0ac8e5835bb52f1f29400000000000000000000000000000000000000000000000000000000000000400000000000000000000000000000000000000000000000000000000000000007494e453030303100000000000000000000000000000000000000000000000000","[]","0x81bb2ae5d1ed616b609edea3bd45f09a9f9f77814dd4e4bc7e8a20b75d893e97",0,"0x5653bc99a51ce5530c0c9539afa766f3e30f75410f3202497900ca97fcb3f9e6","0x2968863ebc350fc08e4be5fb0c1f1593c04273a61125abee0c7e4c052aa3de5c","0xFc11cF5BCaDd8b34ae74FFa9d0a23FED3a380975",0,
2,80001,264,"{""type"":""BigNumber"",""hex"":""0x59682f00""}","{""type"":""BigNumber"",""hex"":""0x59682f10""}",,"{""type"":""BigNumber"",""hex"":""0xe805""}","0x4C360007D21129389EF449F6d728cBF66380EBA4","{""type"":""BigNumber"",""hex"":""0x00""}","0xbb70623b00000000000000000000000049c90f5722c68afdd1c5b0ac8e5835bb52f1f29400000000000000000000000000000000000000000000000000000000000000400000000000000000000000000000000000000000000000000000000000000007494e453030303200000000000000000000000000000000000000000000000000","[]","0x89043909b5be7151c31f9505eb751114303577605d7e96b2362a420cda073b5a",1,"0x813d254cdcbb6ce9d8fb91d27fde9753560b99e517a12a86bbd26d48c7c2e07d","0x5e0c18adb520b748ca8927a695f32e2543207eb4acba9197da54b54d5bb64467","0xFc11cF5BCaDd8b34ae74FFa9d0a23FED3a380975",0,
2,80001,265,"{""type"":""BigNumber"",""hex"":""0x59682f00""}","{""type"":""BigNumber"",""hex"":""0x59682f10""}",,"{""type"":""BigNumber"",""hex"":""0xf6ad""}","0x4C360007D21129389EF449F6d728cBF66380EBA4","{""type"":""BigNumber"",""hex"":""0x00""}","0xbb70623b00000000000000000000000049c90f5722c68afdd1c5b0ac8e5835bb52f1f29400000000000000000000000000000000000000000000000000000000000000400000000000000000000000000000000000000000000000000000000000000007494e453030303300000000000000000000000000000000000000000000000000","[]","0x902146ee11194bc7547965fdd97d07246ffa2967f5c384cb892a7ee58598fedb",0,"0x78b3b1f5382d8086a21df9114e8963bb72f35ee222f1ce0b7771d5b9dfd67541","0x7eed1e0075738c1efb111466292b4fd2007d2af0318dcdbe9c4b3875a2eb7078","0xFc11cF5BCaDd8b34ae74FFa9d0a23FED3a380975",0,
2,80001,266,"{""type"":""BigNumber"",""hex"":""0x59682f00""}","{""type"":""BigNumber"",""hex"":""0x59682f10""}",,"{""type"":""BigNumber"",""hex"":""0x010552""}","0x4C360007D21129389EF449F6d728cBF66380EBA4","{""type"":""BigNumber"",""hex"":""0x00""}","0xbb70623b00000000000000000000000049c90f5722c68afdd1c5b0ac8e5835bb52f1f29400000000000000000000000000000000000000000000000000000000000000400000000000000000000000000000000000000000000000000000000000000007494e453030303400000000000000000000000000000000000000000000000000","[]","0x73e621b34d3939b5a30d1af775fad7b6b657838b137403479c65656d8205112d",0,"0xfb55ee1e12092a0a158633a3a5a19fe759f3299a5c6e0d1ec3bb12efa362d2cf","0x7113c6d101b4c14bcfe284fbf4fc378cdfd37769aee687bc3480ccaa3bf423a8","0xFc11cF5BCaDd8b34ae74FFa9d0a23FED3a380975",0,
2,80001,267,"{""type"":""BigNumber"",""hex"":""0x59682f00""}","{""type"":""BigNumber"",""hex"":""0x59682f10""}",,"{""type"":""BigNumber"",""hex"":""0x0113f7""}","0x4C360007D21129389EF449F6d728cBF66380EBA4","{""type"":""BigNumber"",""hex"":""0x00""}","0xbb70623b00000000000000000000000049c90f5722c68afdd1c5b0ac8e5835bb52f1f29400000000000000000000000000000000000000000000000000000000000000400000000000000000000000000000000000000000000000000000000000000007494e453030303500000000000000000000000000000000000000000000000000","[]","0x2e2425a9f21a59af2f2daf6e9e916e82f641ef48bfb8a4227debb1d3d0d7df8e",1,"0x7200fd88daa73a380c806f4f369de8f1f4f427d078219a71680311faeb40296a","0x1ad189f3c91d9088f7d55fbfa52a3ef1bbd81868b09f7ecaf11c1d67cdf72d9a","0xFc11cF5BCaDd8b34ae74FFa9d0a23FED3a380975",0,
2,80001,268,"{""type"":""BigNumber"",""hex"":""0x59682f00""}","{""type"":""BigNumber"",""hex"":""0x59682f10""}",,"{""type"":""BigNumber"",""hex"":""0x01229f""}","0x4C360007D21129389EF449F6d728cBF66380EBA4","{""type"":""BigNumber"",""hex"":""0x00""}","0xbb70623b00000000000000000000000049c90f5722c68afdd1c5b0ac8e5835bb52f1f29400000000000000000000000000000000000000000000000000000000000000400000000000000000000000000000000000000000000000000000000000000007494e453030303600000000000000000000000000000000000000000000000000","[]","0x25bce86a80459de2c1fc8826edde15c022c117a6a3694f3c273893ae7f8012a9",1,"0x084820fe11fb9a69e0d9836d93894ee97b82adb8e24a8b699654c901d33622e0","0x248674b7e2dee63d808a12a5cc10118c2fe2d8bf5cfae767541ab911e9f0c793","0xFc11cF5BCaDd8b34ae74FFa9d0a23FED3a380975",0,
2,80001,269,"{""type"":""BigNumber"",""hex"":""0x59682f00""}","{""type"":""BigNumber"",""hex"":""0x59682f10""}",,"{""type"":""BigNumber"",""hex"":""0x013144""}","0x4C360007D21129389EF449F6d728cBF66380EBA4","{""type"":""BigNumber"",""hex"":""0x00""}","0xbb70623b00000000000000000000000049c90f5722c68afdd1c5b0ac8e5835bb52f1f29400000000000000000000000000000000000000000000000000000000000000400000000000000000000000000000000000000000000000000000000000000007494e453030303700000000000000000000000000000000000000000000000000","[]","0x5d5172a61d0b00b1fc04d9ace1f203856a0bc1d36b9024d4019f8300535c24c1",1,"0x746a548d491a162e51d9fd404237af3737c642f7d17344207498bea461b27854","0x2aee24fd39b97fdd809470c44fb6d90bbf224f0d02a1fa85306cc3140d41018d","0xFc11cF5BCaDd8b34ae74FFa9d0a23FED3a380975",0,
2,80001,270,"{""type"":""BigNumber"",""hex"":""0x59682f00""}","{""type"":""BigNumber"",""hex"":""0x59682f10""}",,"{""type"":""BigNumber"",""hex"":""0x013fed""}","0x4C360007D21129389EF449F6d728cBF66380EBA4","{""type"":""BigNumber"",""hex"":""0x00""}","0xbb70623b00000000000000000000000049c90f5722c68afdd1c5b0ac8e5835bb52f1f29400000000000000000000000000000000000000000000000000000000000000400000000000000000000000000000000000000000000000000000000000000007494e453030303800000000000000000000000000000000000000000000000000","[]","0xaafa4d1e481c2df1cbd62a32e3795e09bbd6ee70406e07ffbbdf25c5f590ddff",1,"0x518163ef31926c1be04d41a3b507ad1cbd6c552b8fc0276d695f03e8b7e02b4b","0x245bb2cac815e373acdbf463b68b363fb4b583746d73443f25fe8480478975a5","0xFc11cF5BCaDd8b34ae74FFa9d0a23FED3a380975",0,
2,80001,271,"{""type"":""BigNumber"",""hex"":""0x59682f00""}","{""type"":""BigNumber"",""hex"":""0x59682f10""}",,"{""type"":""BigNumber"",""hex"":""0x014e92""}","0x4C360007D21129389EF449F6d728cBF66380EBA4","{""type"":""BigNumber"",""hex"":""0x00""}","0xbb70623b00000000000000000000000049c90f5722c68afdd1c5b0ac8e5835bb52f1f29400000000000000000000000000000000000000000000000000000000000000400000000000000000000000000000000000000000000000000000000000000007494e453030303900000000000000000000000000000000000000000000000000","[]","0x5f2ce2275f85e1bd5b74af20a7f85149691227724bf9c2f75923875785ae086b",1,"0x09c41f686fb5985fc6082a87f4abe2343679bb6062834f4d370b31b292fd48f0","0x121a4123c209ea570c954c4b4cb1988162810ff8ee0aadfed97ed9f02503a000","0xFc11cF5BCaDd8b34ae74FFa9d0a23FED3a380975",0,
2,80001,272,"{""type"":""BigNumber"",""hex"":""0x59682f00""}","{""type"":""BigNumber"",""hex"":""0x59682f10""}",,"{""type"":""BigNumber"",""hex"":""0x015d3a""}","0x4C360007D21129389EF449F6d728cBF66380EBA4","{""type"":""BigNumber"",""hex"":""0x00""}","0xbb70623b00000000000000000000000049c90f5722c68afdd1c5b0ac8e5835bb52f1f29400000000000000000000000000000000000000000000000000000000000000400000000000000000000000000000000000000000000000000000000000000007494e453030313000000000000000000000000000000000000000000000000000","[]","0x6caef82c98693ddf508f6f3de98a3bec79689e9ec630061460eee6f0fcc8e817",0,"0x5b6338df20abd2094d17acb83a4b7c2495eff6f9f9d616ccf91f2d6f7b2ef5c8","0x3db4feb639e114c377ebc6cc315245a276f58315b5c0327e38b1c39c8538957a","0xFc11cF5BCaDd8b34ae74FFa9d0a23FED3a380975",0,
2,80001,273,"{""type"":""BigNumber"",""hex"":""0x59682f00""}","{""type"":""BigNumber"",""hex"":""0x59682f10""}",,"{""type"":""BigNumber"",""hex"":""0x016be0""}","0x4C360007D21129389EF449F6d728cBF66380EBA4","{""type"":""BigNumber"",""hex"":""0x00""}","0xbb70623b00000000000000000000000049c90f5722c68afdd1c5b0ac8e5835bb52f1f29400000000000000000000000000000000000000000000000000000000000000400000000000000000000000000000000000000000000000000000000000000007494e453030313100000000000000000000000000000000000000000000000000","[]","0xd9a4c16a66e3485dd2b7d71fdbbed1cdf21154952cf79541ba652c6816f73bb1",0,"0x516eb12e2f223bf32a09914b97193ec4673ea14ba0ecb784cd40161f78ef2a6c","0x757afe5007c324841a488417e8aa4620d42282862c76d4b39afc073bcf406ea3","0xFc11cF5BCaDd8b34ae74FFa9d0a23FED3a380975",0,
2,80001,274,"{""type"":""BigNumber"",""hex"":""0x59682f00""}","{""type"":""BigNumber"",""hex"":""0x59682f10""}",,"{""type"":""BigNumber"",""hex"":""0x017a88""}","0x4C360007D21129389EF449F6d728cBF66380EBA4","{""type"":""BigNumber"",""hex"":""0x00""}","0xbb70623b00000000000000000000000049c90f5722c68afdd1c5b0ac8e5835bb52f1f29400000000000000000000000000000000000000000000000000000000000000400000000000000000000000000000000000000000000000000000000000000007494e453030313200000000000000000000000000000000000000000000000000","[]","0x99527bf2e90fedbf43beb63f2be0fd45549fc60a0b97f67469b608bda78b1051",1,"0x633e24306b575e7d3f1e2ab973f760f06d81b72ee07e7ef0212d6510c5db8e57","0x238737da96d741e69a3e71d61d7240e000c07b724f576c7e0289c27a2b2b98e3","0xFc11cF5BCaDd8b34ae74FFa9d0a23FED3a380975",0,
2,80001,275,"{""type"":""BigNumber"",""hex"":""0x59682f00""}","{""type"":""BigNumber"",""hex"":""0x59682f10""}",,"{""type"":""BigNumber"",""hex"":""0x01892d""}","0x4C360007D21129389EF449F6d728cBF66380EBA4","{""type"":""BigNumber"",""hex"":""0x00""}","0xbb70623b00000000000000000000000049c90f5722c68afdd1c5b0ac8e5835bb52f1f29400000000000000000000000000000000000000000000000000000000000000400000000000000000000000000000000000000000000000000000000000000007494e453030313300000000000000000000000000000000000000000000000000","[]","0x35b08089475f5d2da315361190b19eb833af4c6d76e68a1925d5c65b4149f695",0,"0x21d3f8c58f4b2cafaf029e8b1f5d5af16b72ec3f76e8b14d09165531989c1a7d","0x3db583aa482b8fe4eae71e9c32af35c65fa985a717d8401a8062dc4862c4b49b","0xFc11cF5BCaDd8b34ae74FFa9d0a23FED3a380975",0,
2,80001,276,"{""type"":""BigNumber"",""hex"":""0x59682f00""}","{""type"":""BigNumber"",""hex"":""0x59682f10""}",,"{""type"":""BigNumber"",""hex"":""0x0197d2""}","0x4C360007D21129389EF449F6d728cBF66380EBA4","{""type"":""BigNumber"",""hex"":""0x00""}","0xbb70623b00000000000000000000000049c90f5722c68afdd1c5b0ac8e5835bb52f1f29400000000000000000000000000000000000000000000000000000000000000400000000000000000000000000000000000000000000000000000000000000007494e453030313400000000000000000000000000000000000000000000000000","[]","0x2e68d54cc95a9ebef1cad7d72a0e997fb472423c7010b4216465f94097d4c935",1,"0x4049ee36df28145565fb68c161f275a1d8b97248de7c89bd5d181b3340a6e9bd","0x0d098ff5a8774384ddc3bcf65e4207a7a99641f79ff64bf09724a692162f21e9","0xFc11cF5BCaDd8b34ae74FFa9d0a23FED3a380975",0,
2,80001,277,"{""type"":""BigNumber"",""hex"":""0x59682f00""}","{""type"":""BigNumber"",""hex"":""0x59682f10""}",,"{""type"":""BigNumber"",""hex"":""0x01a67b""}","0x4C360007D21129389EF449F6d728cBF66380EBA4","{""type"":""BigNumber"",""hex"":""0x00""}","0xbb70623b00000000000000000000000049c90f5722c68afdd1c5b0ac8e5835bb52f1f29400000000000000000000000000000000000000000000000000000000000000400000000000000000000000000000000000000000000000000000000000000007494e453030313500000000000000000000000000000000000000000000000000","[]","0x6bb60b1a58557482ead9a697811fcb69ee3f091dbd70faa95612c20723552b55",0,"0xf8b5107ec48c2480a306844fe2ebbfa23fcd74f8d52a0a6480a93a89d6a3488a","0x3515c87c9d1de04c9028ef76275fb12ccc936df00cfb7c27f6b795e883bdd673","0xFc11cF5BCaDd8b34ae74FFa9d0a23FED3a380975",0,
2,80001,278,"{""type"":""BigNumber"",""hex"":""0x59682f00""}","{""type"":""BigNumber"",""hex"":""0x59682f10""}",,"{""type"":""BigNumber"",""hex"":""0x011b46""}","0x4C360007D21129389EF449F6d728cBF66380EBA4","{""type"":""BigNumber"",""hex"":""0x00""}","0xbb70623b000000000000000000000000b4ab92133e4b5869453253b690174cd85075d9bb00000000000000000000000000000000000000000000000000000000000000400000000000000000000000000000000000000000000000000000000000000007494e453030303100000000000000000000000000000000000000000000000000","[]","0x0b646534f8b7f0d480fe2f00aaec3b3f58e8aeaf6d412257b69f8112deee1079",1,"0x6830a44ffbee2cef92c72f8cb072911fc0f72a4becbf97bd0da05d17857c2894","0x3396aa687a5c533d300410ad8ac4656d5a7e806e2e75f6b9524ff4f5748aac3c","0xFc11cF5BCaDd8b34ae74FFa9d0a23FED3a380975",0,
2,80001,279,"{""type"":""BigNumber"",""hex"":""0x59682f00""}","{""type"":""BigNumber"",""hex"":""0x59682f10""}",,"{""type"":""BigNumber"",""hex"":""0xe805""}","0x4C360007D21129389EF449F6d728cBF66380EBA4","{""type"":""BigNumber"",""hex"":""0x00""}","0xbb70623b000000000000000000000000b4ab92133e4b5869453253b690174cd85075d9bb00000000000000000000000000000000000000000000000000000000000000400000000000000000000000000000000000000000000000000000000000000007494e453030303200000000000000000000000000000000000000000000000000","[]","0x421723e829d6841659499b447ba29a50fd950808706e421113eff51edad80e4c",0,"0x75f951f15a81048ffda973acf092e27018a09549a32e5d4025898292396dac55","0x5277dfedc1808783dd0081427b42d5f1cedb77a09573bb2a4a3fde907c107b68","0xFc11cF5BCaDd8b34ae74FFa9d0a23FED3a380975",0,
2,80001,280,"{""type"":""BigNumber"",""hex"":""0x59682f00""}","{""type"":""BigNumber"",""hex"":""0x59682f10""}",,"{""type"":""BigNumber"",""hex"":""0xf6ad""}","0x4C360007D21129389EF449F6d728cBF66380EBA4","{""type"":""BigNumber"",""hex"":""0x00""}","0xbb70623b000000000000000000000000b4ab92133e4b5869453253b690174cd85075d9bb00000000000000000000000000000000000000000000000000000000000000400000000000000000000000000000000000000000000000000000000000000007494e453030303300000000000000000000000000000000000000000000000000","[]","0x70cc1d5cc1e101fb9e7fdee3c25726d0912a43d9883f628be2ec3a27abeee5cd",0,"0xfcb3cc28843a5d2a9b4ea5f94f77a9dc383e4d44e3f9ab894d061f33a709cd9a","0x303ff3ca6c0e61e283abd337027861359d0b1b59d62a6877c877cbf4c440eeae","0xFc11cF5BCaDd8b34ae74FFa9d0a23FED3a380975",0,
2,80001,281,"{""type"":""BigNumber"",""hex"":""0x59682f00""}","{""type"":""BigNumber"",""hex"":""0x59682f10""}",,"{""type"":""BigNumber"",""hex"":""0x010552""}","0x4C360007D21129389EF449F6d728cBF66380EBA4","{""type"":""BigNumber"",""hex"":""0x00""}","0xbb70623b000000000000000000000000b4ab92133e4b5869453253b690174cd85075d9bb00000000000000000000000000000000000000000000000000000000000000400000000000000000000000000000000000000000000000000000000000000007494e453030303400000000000000000000000000000000000000000000000000","[]","0x7a664c474cb964adb05ac5c66e5e883b643719595a698b2c6c9dd21e8419f2ed",0,"0x4ce53ac2d7dcdea74fad643d60971eb665bb948215a7b9b232400ba4b9399a47","0x164f17c90f3f2bbaa141bc266014c16aa2cebef3af27374e8eeb405b0783d946","0xFc11cF5BCaDd8b34ae74FFa9d0a23FED3a380975",0,
2,80001,282,"{""type"":""BigNumber"",""hex"":""0x59682f00""}","{""type"":""BigNumber"",""hex"":""0x59682f10""}",,"{""type"":""BigNumber"",""hex"":""0x0113f7""}","0x4C360007D21129389EF449F6d728cBF66380EBA4","{""type"":""BigNumber"",""hex"":""0x00""}","0xbb70623b000000000000000000000000b4ab92133e4b5869453253b690174cd85075d9bb00000000000000000000000000000000000000000000000000000000000000400000000000000000000000000000000000000000000000000000000000000007494e453030303500000000000000000000000000000000000000000000000000","[]","0xe1b57cb47569364126c54c06aad9f123291ea889c26cc4b802d54c9117be736c",0,"0xe12be06877d38b8aa880a7ed04d64a9416f7927c5e2c955c2661ba9cb68a61ba","0x0348781c7ebe80472ef478ff9db0850b29916c4b7bc27a6a5f946e40284eb53d","0xFc11cF5BCaDd8b34ae74FFa9d0a23FED3a380975",0,
2,80001,283,"{""type"":""BigNumber"",""hex"":""0x59682f00""}","{""type"":""BigNumber"",""hex"":""0x59682f10""}",,"{""type"":""BigNumber"",""hex"":""0x01229f""}","0x4C360007D21129389EF449F6d728cBF66380EBA4","{""type"":""BigNumber"",""hex"":""0x00""}","0xbb70623b000000000000000000000000b4ab92133e4b5869453253b690174cd85075d9bb00000000000000000000000000000000000000000000000000000000000000400000000000000000000000000000000000000000000000000000000000000007494e453030303600000000000000000000000000000000000000000000000000","[]","0x8cc65c0d9096d258fb995cb2a655f23ec6e2ed587a32b16381005f10ac453cb0",1,"0x1c3703f46bab9b8a9ef4a65efd4355d95a6d8fd602e4e9cccabbc703fe512360","0x212d74c82e97101568b83875577127f7e3d48156edce253a7ec458be3bfe44c3","0xFc11cF5BCaDd8b34ae74FFa9d0a23FED3a380975",0,
2,80001,284,"{""type"":""BigNumber"",""hex"":""0x59682f00""}","{""type"":""BigNumber"",""hex"":""0x59682f10""}",,"{""type"":""BigNumber"",""hex"":""0x013144""}","0x4C360007D21129389EF449F6d728cBF66380EBA4","{""type"":""BigNumber"",""hex"":""0x00""}","0xbb70623b000000000000000000000000b4ab92133e4b5869453253b690174cd85075d9bb00000000000000000000000000000000000000000000000000000000000000400000000000000000000000000000000000000000000000000000000000000007494e453030303700000000000000000000000000000000000000000000000000","[]","0x2e84484e2f9d3659b651bf08d06ac63394e456ca64ac662be3de4fefaaf7bfc2",1,"0x4445f8475e5e59019cf126487595a0ea1109d61b5fb9f4ab0a12dc413470f748","0x71f7d2644d2cf7cbbbe042cb34eadbc97cfa5b81bdc38e0d1ba85838d2092af6","0xFc11cF5BCaDd8b34ae74FFa9d0a23FED3a380975",0,
2,80001,285,"{""type"":""BigNumber"",""hex"":""0x59682f00""}","{""type"":""BigNumber"",""hex"":""0x59682f10""}",,"{""type"":""BigNumber"",""hex"":""0x013fed""}","0x4C360007D21129389EF449F6d728cBF66380EBA4","{""type"":""BigNumber"",""hex"":""0x00""}","0xbb70623b000000000000000000000000b4ab92133e4b5869453253b690174cd85075d9bb00000000000000000000000000000000000000000000000000000000000000400000000000000000000000000000000000000000000000000000000000000007494e453030303800000000000000000000000000000000000000000000000000","[]","0x5ef7f79cadf44d00f96bb7422775d33029d8823cd61bd0dfbad3e6740fa39dd0",1,"0xcb5c6ce7fe43859b3209be80283b49d94f287fb090f783b2d9539d69e179ef77","0x6c7bb8be4c26741366b4cc9a77ab81e92906944280f8a999ae0a5141f92407d6","0xFc11cF5BCaDd8b34ae74FFa9d0a23FED3a380975",0,
2,80001,286,"{""type"":""BigNumber"",""hex"":""0x59682f00""}","{""type"":""BigNumber"",""hex"":""0x59682f10""}",,"{""type"":""BigNumber"",""hex"":""0x014e92""}","0x4C360007D21129389EF449F6d728cBF66380EBA4","{""type"":""BigNumber"",""hex"":""0x00""}","0xbb70623b000000000000000000000000b4ab92133e4b5869453253b690174cd85075d9bb00000000000000000000000000000000000000000000000000000000000000400000000000000000000000000000000000000000000000000000000000000007494e453030303900000000000000000000000000000000000000000000000000","[]","0x997661a2c42d60d5ff0112345ad1e02701506da1513c514c3aa77ec87064e642",1,"0x327a95f7cc10d768ad4a01e847194939a1524410f636a68a6d099c36edab07cf","0x1e3cfe12ab52468e8c35e5927dd852c49cd64cdd1d0beef242eb48208b622aee","0xFc11cF5BCaDd8b34ae74FFa9d0a23FED3a380975",0,
2,80001,287,"{""type"":""BigNumber"",""hex"":""0x59682f00""}","{""type"":""BigNumber"",""hex"":""0x59682f10""}",,"{""type"":""BigNumber"",""hex"":""0x015d3a""}","0x4C360007D21129389EF449F6d728cBF66380EBA4","{""type"":""BigNumber"",""hex"":""0x00""}","0xbb70623b000000000000000000000000b4ab92133e4b5869453253b690174cd85075d9bb00000000000000000000000000000000000000000000000000000000000000400000000000000000000000000000000000000000000000000000000000000007494e453030313000000000000000000000000000000000000000000000000000","[]","0xc6e7b6f2cf800cc9bc9f8459a9e34301d973c78cca85541f0ec508cf150e3a19",1,"0x7442d61660e91e38468715ded5ad6938a20acb6b5d1cf8083ada5c703d503fe8","0x1ac09b29a11cf6fc8f56a0f5564e455794f479dbe722a9793966f1c4be189ba4","0xFc11cF5BCaDd8b34ae74FFa9d0a23FED3a380975",0,
2,80001,288,"{""type"":""BigNumber"",""hex"":""0x59682f00""}","{""type"":""BigNumber"",""hex"":""0x59682f10""}",,"{""type"":""BigNumber"",""hex"":""0x016be0""}","0x4C360007D21129389EF449F6d728cBF66380EBA4","{""type"":""BigNumber"",""hex"":""0x00""}","0xbb70623b000000000000000000000000b4ab92133e4b5869453253b690174cd85075d9bb00000000000000000000000000000000000000000000000000000000000000400000000000000000000000000000000000000000000000000000000000000007494e453030313100000000000000000000000000000000000000000000000000","[]","0xafb043b2e1b1fd249fcc85bb9e10de7da0ae1a8c1154086ae0b00361be69a959",1,"0x557e2ff7e61a7b0e2491516c21d46663503141af138babd01149731dca8602ab","0x4076198726677572e0f2131c0b9066f9df6fc19b5a23dddc3ddfcdce21fe2efc","0xFc11cF5BCaDd8b34ae74FFa9d0a23FED3a380975",0,
2,80001,289,"{""type"":""BigNumber"",""hex"":""0x59682f00""}","{""type"":""BigNumber"",""hex"":""0x59682f10""}",,"{""type"":""BigNumber"",""hex"":""0x017a88""}","0x4C360007D21129389EF449F6d728cBF66380EBA4","{""type"":""BigNumber"",""hex"":""0x00""}","0xbb70623b000000000000000000000000b4ab92133e4b5869453253b690174cd85075d9bb00000000000000000000000000000000000000000000000000000000000000400000000000000000000000000000000000000000000000000000000000000007494e453030313200000000000000000000000000000000000000000000000000","[]","0x9e56394504747ce324dfd4ee319e172d3d6cae8e436ba4b96521401663ae88db",1,"0xb7e9f5194e7a526b724c37e6ac158667bae6949fe2717fe5b4267c0e747cf580","0x5cae0040b046e9d7cdc14cb06422941e15b4ccdb23fec585ecec7d2ce2951c58","0xFc11cF5BCaDd8b34ae74FFa9d0a23FED3a380975",0,
2,80001,290,"{""type"":""BigNumber"",""hex"":""0x59682f00""}","{""type"":""BigNumber"",""hex"":""0x59682f10""}",,"{""type"":""BigNumber"",""hex"":""0x01892d""}","0x4C360007D21129389EF449F6d728cBF66380EBA4","{""type"":""BigNumber"",""hex"":""0x00""}","0xbb70623b000000000000000000000000b4ab92133e4b5869453253b690174cd85075d9bb00000000000000000000000000000000000000000000000000000000000000400000000000000000000000000000000000000000000000000000000000000007494e453030313300000000000000000000000000000000000000000000000000","[]","0x2d7b9471ce7b5551de0238614a22195e955379617d7d7be8e10b4aab9d1ed5fb",1,"0x4bd4fa3d7ffac5704d9320a566b2f8543565f74543dab4669279412c7c391aea","0x7ce3ab8b5b146de081f791f96fa07eecc5831c52812f1c205784b1cd65ab311e","0xFc11cF5BCaDd8b34ae74FFa9d0a23FED3a380975",0,
2,80001,291,"{""type"":""BigNumber"",""hex"":""0x59682f00""}","{""type"":""BigNumber"",""hex"":""0x59682f10""}",,"{""type"":""BigNumber"",""hex"":""0x0197d2""}","0x4C360007D21129389EF449F6d728cBF66380EBA4","{""type"":""BigNumber"",""hex"":""0x00""}","0xbb70623b000000000000000000000000b4ab92133e4b5869453253b690174cd85075d9bb00000000000000000000000000000000000000000000000000000000000000400000000000000000000000000000000000000000000000000000000000000007494e453030313400000000000000000000000000000000000000000000000000","[]","0xcfc85a7b69c05042b0b49e37f97cbf906ef5657507843429523bc48d3de0b27d",0,"0xd10cf71360dfd352429f95f61998565b763634c79932434864049b1742767b63","0x50c5caa55570103e45519a95cbe5e8bab2aa671c3318e4136d80a7417755cc77","0xFc11cF5BCaDd8b34ae74FFa9d0a23FED3a380975",0,
2,80001,292,"{""type"":""BigNumber"",""hex"":""0x59682f00""}","{""type"":""BigNumber"",""hex"":""0x59682f10""}",,"{""type"":""BigNumber"",""hex"":""0x01a67b""}","0x4C360007D21129389EF449F6d728cBF66380EBA4","{""type"":""BigNumber"",""hex"":""0x00""}","0xbb70623b000000000000000000000000b4ab92133e4b5869453253b690174cd85075d9bb00000000000000000000000000000000000000000000000000000000000000400000000000000000000000000000000000000000000000000000000000000007494e453030313500000000000000000000000000000000000000000000000000","[]","0x9d977bb5733d0dfbf0fc58b11cd398bc1e2d53204379e00e16e92ac9838d55db",0,"0x1785a2a29b921d141ee71878244412ca3f30912545d944d25d048b14cbb86229","0x73ec76fe4dbcafdbf2700944e36bf4fedd08f1c79fcaad54ec941377d384a356","0xFc11cF5BCaDd8b34ae74FFa9d0a23FED3a380975",0,
2,80001,293,"{""type"":""BigNumber"",""hex"":""0x59682f00""}","{""type"":""BigNumber"",""hex"":""0x59682f10""}",,"{""type"":""BigNumber"",""hex"":""0x011b3a""}","0x4C360007D21129389EF449F6d728cBF66380EBA4","{""type"":""BigNumber"",""hex"":""0x00""}","0xbb70623b000000000000000000000000994fabd6ad250bc84a0081f12336ad396e69185e00000000000000000000000000000000000000000000000000000000000000400000000000000000000000000000000000000000000000000000000000000007494e453030303100000000000000000000000000000000000000000000000000","[]","0x5742697bd5818cffd3bb07653766b55c00de16ee961c64af037025a534d930df",1,"0x418cf80e8cefd50370be72e79c4abd554d741fc4a20cbe9661c067650b34fc42","0x711b42b493a38a54f22a3d55062b9faa0ae09c3615c9b08e239887795ebb29f9","0xFc11cF5BCaDd8b34ae74FFa9d0a23FED3a380975",0,
2,80001,294,"{""type"":""BigNumber"",""hex"":""0x59682f00""}","{""type"":""BigNumber"",""hex"":""0x59682f10""}",,"{""type"":""BigNumber"",""hex"":""0xe7f9""}","0x4C360007D21129389EF449F6d728cBF66380EBA4","{""type"":""BigNumber"",""hex"":""0x00""}","0xbb70623b000000000000000000000000994fabd6ad250bc84a0081f12336ad396e69185e00000000000000000000000000000000000000000000000000000000000000400000000000000000000000000000000000000000000000000000000000000007494e453030303200000000000000000000000000000000000000000000000000","[]","0x182b62791fe30ab69e5a1cc56aafbb4d44cee0ad822bbebdb5bcc52c91d9a88a",1,"0x0b9ef35fa23892b61d229498edf73ea9327e4177c06ec20e1269a2d3903b3032","0x1633d196fd78f012dd99b66c5713e80903303d2ba4b5ec97df5b75d6f3cacb9d","0xFc11cF5BCaDd8b34ae74FFa9d0a23FED3a380975",0,
2,80001,295,"{""type"":""BigNumber"",""hex"":""0x59682f00""}","{""type"":""BigNumber"",""hex"":""0x59682f10""}",,"{""type"":""BigNumber"",""hex"":""0xf6a1""}","0x4C360007D21129389EF449F6d728cBF66380EBA4","{""type"":""BigNumber"",""hex"":""0x00""}","0xbb70623b000000000000000000000000994fabd6ad250bc84a0081f12336ad396e69185e00000000000000000000000000000000000000000000000000000000000000400000000000000000000000000000000000000000000000000000000000000007494e453030303300000000000000000000000000000000000000000000000000","[]","0x019326d083e0b746c33d98c9130086cec3f3ba490c3ec90b24c4985ee918c3be",0,"0x4f260bc22da8146656ec422e7e3559d6b2b6cb718469f7f959fed647c59eec9e","0x398ef04e54b31ed3cbb561011c3333008a62baee23b6935ab7221474b09565c2","0xFc11cF5BCaDd8b34ae74FFa9d0a23FED3a380975",0,
2,80001,296,"{""type"":""BigNumber"",""hex"":""0x59682f00""}","{""type"":""BigNumber"",""hex"":""0x59682f10""}",,"{""type"":""BigNumber"",""hex"":""0x010546""}","0x4C360007D21129389EF449F6d728cBF66380EBA4","{""type"":""BigNumber"",""hex"":""0x00""}","0xbb70623b000000000000000000000000994fabd6ad250bc84a0081f12336ad396e69185e00000000000000000000000000000000000000000000000000000000000000400000000000000000000000000000000000000000000000000000000000000007494e453030303400000000000000000000000000000000000000000000000000","[]","0x8fe7969cba436ab5ac1faa0107524eda85433da344ef904f39e60bc8c57c12a5",1,"0x6d5ec8b75f13b60fee756296b983692a2a4be0142471d1fe219ef9c0e37ee9e1","0x050f710824cecf9f9be92cf622e9dc06d186b3c736fe690071fbdf8707f8727d","0xFc11cF5BCaDd8b34ae74FFa9d0a23FED3a380975",0,
2,80001,297,"{""type"":""BigNumber"",""hex"":""0x59682f00""}","{""type"":""BigNumber"",""hex"":""0x59682f10""}",,"{""type"":""BigNumber"",""hex"":""0x0113eb""}","0x4C360007D21129389EF449F6d728cBF66380EBA4","{""type"":""BigNumber"",""hex"":""0x00""}","0xbb70623b000000000000000000000000994fabd6ad250bc84a0081f12336ad396e69185e00000000000000000000000000000000000000000000000000000000000000400000000000000000000000000000000000000000000000000000000000000007494e453030303500000000000000000000000000000000000000000000000000","[]","0x695f0add9c17deb98730e89dbab68ccbdfc672622408ad4c8268a235fbc795fa",1,"0xfd85a69c5a807fbf0f8758747f5d5ff0cad220bd35aa069ff587c336b4e9f599","0x204fe846567ab83a5c78f72081d855e540b36906a579e092f29064b274f81b14","0xFc11cF5BCaDd8b34ae74FFa9d0a23FED3a380975",0,
2,80001,298,"{""type"":""BigNumber"",""hex"":""0x59682f00""}","{""type"":""BigNumber"",""hex"":""0x59682f10""}",,"{""type"":""BigNumber"",""hex"":""0x012293""}","0x4C360007D21129389EF449F6d728cBF66380EBA4","{""type"":""BigNumber"",""hex"":""0x00""}","0xbb70623b000000000000000000000000994fabd6ad250bc84a0081f12336ad396e69185e00000000000000000000000000000000000000000000000000000000000000400000000000000000000000000000000000000000000000000000000000000007494e453030303600000000000000000000000000000000000000000000000000","[]","0x34fe4877da35e4c61ea1fb662db0439c78972916153d316a3a7340623a881a2d",1,"0xee0dbf1a4d046f0634e0b3f1fa36ba964d61929734cd6e409175fe9c91870278","0x394a3b352d34b34ebb7627485269c9a7e46cdabfe40072e378dbfd0aa6f07331","0xFc11cF5BCaDd8b34ae74FFa9d0a23FED3a380975",0,
2,80001,299,"{""type"":""BigNumber"",""hex"":""0x59682f00""}","{""type"":""BigNumber"",""hex"":""0x59682f10""}",,"{""type"":""BigNumber"",""hex"":""0x013138""}","0x4C360007D21129389EF449F6d728cBF66380EBA4","{""type"":""BigNumber"",""hex"":""0x00""}","0xbb70623b000000000000000000000000994fabd6ad250bc84a0081f12336ad396e69185e00000000000000000000000000000000000000000000000000000000000000400000000000000000000000000000000000000000000000000000000000000007494e453030303700000000000000000000000000000000000000000000000000","[]","0xce449e07afb6699e4f6899adf767ea1ca05f749beeb465950b0641afa5d10f87",1,"0x4fe4c25551365842029af41204c60101b5b281f5d2bf7a9a8b8ee62949f3cdab","0x5ee37faa8b28e97f69e9142e0b4a61e4972aef5631b3c087845b08f359eea850","0xFc11cF5BCaDd8b34ae74FFa9d0a23FED3a380975",0,
2,80001,300,"{""type"":""BigNumber"",""hex"":""0x59682f00""}","{""type"":""BigNumber"",""hex"":""0x59682f10""}",,"{""type"":""BigNumber"",""hex"":""0x013fe1""}","0x4C360007D21129389EF449F6d728cBF66380EBA4","{""type"":""BigNumber"",""hex"":""0x00""}","0xbb70623b000000000000000000000000994fabd6ad250bc84a0081f12336ad396e69185e00000000000000000000000000000000000000000000000000000000000000400000000000000000000000000000000000000000000000000000000000000007494e453030303800000000000000000000000000000000000000000000000000","[]","0x68aabe81ac290e17a702aface36859e86a5f6cc7cae22484442dff445f177823",1,"0x2de6a6fff38e161dbab431b730d666a19894f5c92e6dd2a449c7558afa6df582","0x5ba573431d190515eb33f027904eb3b7a34aebbda10025aa79a7f89271f98336","0xFc11cF5BCaDd8b34ae74FFa9d0a23FED3a380975",0,
2,80001,301,"{""type"":""BigNumber"",""hex"":""0x59682f00""}","{""type"":""BigNumber"",""hex"":""0x59682f10""}",,"{""type"":""BigNumber"",""hex"":""0x014e86""}","0x4C360007D21129389EF449F6d728cBF66380EBA4","{""type"":""BigNumber"",""hex"":""0x00""}","0xbb70623b000000000000000000000000994fabd6ad250bc84a0081f12336ad396e69185e00000000000000000000000000000000000000000000000000000000000000400000000000000000000000000000000000000000000000000000000000000007494e453030303900000000000000000000000000000000000000000000000000","[]","0x00d023f69c78906f2887ed1fa2b0d05724766e175868d5fccf0fa49551e13959",0,"0xe32ab90082c2ccba17f6f1a7f3986ef60b22e80db7f5a7474dece60e8000bf4c","0x214237e1d81c93ed9a4f283519cebb6291b81a46468d7040985a796f1315f107","0xFc11cF5BCaDd8b34ae74FFa9d0a23FED3a380975",0,
2,80001,302,"{""type"":""BigNumber"",""hex"":""0x59682f00""}","{""type"":""BigNumber"",""hex"":""0x59682f10""}",,"{""type"":""BigNumber"",""hex"":""0x015d2e""}","0x4C360007D21129389EF449F6d728cBF66380EBA4","{""type"":""BigNumber"",""hex"":""0x00""}","0xbb70623b000000000000000000000000994fabd6ad250bc84a0081f12336ad396e69185e00000000000000000000000000000000000000000000000000000000000000400000000000000000000000000000000000000000000000000000000000000007494e453030313000000000000000000000000000000000000000000000000000","[]","0xfda2f4ebff985fe3cde565b5070a324b80c0a318309452ba843a3bf40942729f",0,"0x07c9e9d678c19014964f6c76153a3957b37fabb31a5ba3cf336b8f46c27d5b33","0x503c2ac556b5cbb918a4a51d013bae0e03a787f9ef222a4d2c82cb1fed31059f","0xFc11cF5BCaDd8b34ae74FFa9d0a23FED3a380975",0,
2,80001,303,"{""type"":""BigNumber"",""hex"":""0x59682f00""}","{""type"":""BigNumber"",""hex"":""0x59682f10""}",,"{""type"":""BigNumber"",""hex"":""0x016bd4""}","0x4C360007D21129389EF449F6d728cBF66380EBA4","{""type"":""BigNumber"",""hex"":""0x00""}","0xbb70623b000000000000000000000000994fabd6ad250bc84a0081f12336ad396e69185e00000000000000000000000000000000000000000000000000000000000000400000000000000000000000000000000000000000000000000000000000000007494e453030313100000000000000000000000000000000000000000000000000","[]","0xc2008ebf34a82ffdf7bdedfe8f1e79d0d7c84feb138d7f7d0e72d72fd96b1198",0,"0x44a2bb3d7cf723782d9709efa78e74285cd0ec29fe3de1ea7b1768e9789d3504","0x02cf2ad207795cb7182bffc6e850488a6df5f94b07de9df8962389c3cf7e437b","0xFc11cF5BCaDd8b34ae74FFa9d0a23FED3a380975",0,
2,80001,304,"{""type"":""BigNumber"",""hex"":""0x59682f00""}","{""type"":""BigNumber"",""hex"":""0x59682f10""}",,"{""type"":""BigNumber"",""hex"":""0x017a7c""}","0x4C360007D21129389EF449F6d728cBF66380EBA4","{""type"":""BigNumber"",""hex"":""0x00""}","0xbb70623b000000000000000000000000994fabd6ad250bc84a0081f12336ad396e69185e00000000000000000000000000000000000000000000000000000000000000400000000000000000000000000000000000000000000000000000000000000007494e453030313200000000000000000000000000000000000000000000000000","[]","0x400d9ac0d4def71090dfec33d4266747dad7daa4ea08f06de8648b67b4d3a59d",1,"0x1ca378d2c5ed2be112889d6025eea3eaf97205921515e302e658e4bbf3a13bc3","0x7aae66861405ce445d511c5dafbd6448e47ece0e5790c0a389ed337ebda89a5b","0xFc11cF5BCaDd8b34ae74FFa9d0a23FED3a380975",0,
2,80001,305,"{""type"":""BigNumber"",""hex"":""0x59682f00""}","{""type"":""BigNumber"",""hex"":""0x59682f10""}",,"{""type"":""BigNumber"",""hex"":""0x018921""}","0x4C360007D21129389EF449F6d728cBF66380EBA4","{""type"":""BigNumber"",""hex"":""0x00""}","0xbb70623b000000000000000000000000994fabd6ad250bc84a0081f12336ad396e69185e00000000000000000000000000000000000000000000000000000000000000400000000000000000000000000000000000000000000000000000000000000007494e453030313300000000000000000000000000000000000000000000000000","[]","0xfa339812b4a70969cb0fdb657aebd29f54a5fd79f03840edb447de9fda2d6580",0,"0x9d6bc6a76dc7427ba43849e9d92e0eecc93a08c33f1722c9140cda71e6f14c47","0x42d94fdb1c5dd4528386578448f80e83f688c718a3686eeccbd01124f71ea0f2","0xFc11cF5BCaDd8b34ae74FFa9d0a23FED3a380975",0,
2,80001,306,"{""type"":""BigNumber"",""hex"":""0x59682f00""}","{""type"":""BigNumber"",""hex"":""0x59682f10""}",,"{""type"":""BigNumber"",""hex"":""0x0197c6""}","0x4C360007D21129389EF449F6d728cBF66380EBA4","{""type"":""BigNumber"",""hex"":""0x00""}","0xbb70623b000000000000000000000000994fabd6ad250bc84a0081f12336ad396e69185e00000000000000000000000000000000000000000000000000000000000000400000000000000000000000000000000000000000000000000000000000000007494e453030313400000000000000000000000000000000000000000000000000","[]","0xfe56f4eea9de7e1a159d80491581a136b438cbe929e55101fe39c131ff5b4d4c",0,"0x29257eb6f25e31555db013680e78274210c0580715922648a8f1b2d6debe529f","0x43549981df212b3ee270131f591d996229e8436bba1b6ab949b2d58338307743","0xFc11cF5BCaDd8b34ae74FFa9d0a23FED3a380975",0,
2,80001,307,"{""type"":""BigNumber"",""hex"":""0x59682f00""}","{""type"":""BigNumber"",""hex"":""0x59682f10""}",,"{""type"":""BigNumber"",""hex"":""0x01a66f""}","0x4C360007D21129389EF449F6d728cBF66380EBA4","{""type"":""BigNumber"",""hex"":""0x00""}","0xbb70623b000000000000000000000000994fabd6ad250bc84a0081f12336ad396e69185e00000000000000000000000000000000000000000000000000000000000000400000000000000000000000000000000000000000000000000000000000000007494e453030313500000000000000000000000000000000000000000000000000","[]","0xd45d21708f805e50f6a718da495c71c44834072bf79d39622b27c51613bec99e",1,"0xf0ecffaf2d9384a4e90e964f441d3f38b2b892dba4cacfffd03346377da32dbb","0x2f2e5c73ace48c5eb5b340ebd7e673791060fd26350fff2447c024ee91232009","0xFc11cF5BCaDd8b34ae74FFa9d0a23FED3a380975",0,
